,svm_linear,svm_linear_gridsearch,svm_rbf,svm_rbf_gridsearch,random_forest,decision_tree,decision_tree_gridsearch,knn,knn_grid
accuracy_score,0.8809523809523809,0.8968253968253969,0.7063492063492064,0.8297,0.9603174603174603,0.9047619047619048,0.9523809523809523,0.7142857142857143,0.746031746031746
