,svm_linear,svm_linear_gridsearch,svm_rbf,svm_rbf_gridsearch,random_forest,decision_tree,decision_tree_gridsearch,knn,knn_grid
accuracy_score,0.9863013698630136,0.9863013698630136,0.9452054794520548,1.0,0.9863013698630136,0.9863013698630136,0.9863013698630136,0.9178082191780822,0.9315068493150684
