,cross-validation,svm_linear,svm_rbf,random_forest,decision_tree,knn,svm_linear_cv,svm_rbf_cv,random_forest_cv,decision_tree_cv,knn_cv,svm_linear_gridsearch,svm_rbf_gridsearch,random_forest_gridsearch,decision_tree_gridsearch,knn_grid
Accuracy,0.0,1.0,0.9508196721311475,0.9918032786885246,0.9918032786885246,0.9262295081967213,98.63,94.52000000000001,98.63,98.63,91.78,1.0,0.9754098360655737,0.9918032786885246,0.9918032786885246,0.9590163934426229
Time,0.8557767868041992,0.0010004043579101562,0.0010004043579101562,0.016620874404907227,0.00970602035522461,0.10342764854431152,0.025022506713867188,0.02602386474609375,0.7336657047271729,0.018016338348388672,0.0520474910736084,0.001001596450805664,0.0010008811950683594,0.011520624160766602,0.005419731140136719,0.01571798324584961
