,cross-validation,svm_linear,svm_linear_gridsearch,svm_rbf,svm_rbf_gridsearch,random_forest,decision_tree,decision_tree_gridsearch,knn,knn_grid
duration (s),0.7794694900512695,0.0883784294128418,6.364474058151245,2.55755615234375,0.7298681735992432,0.19939708709716797,0.13476777076721191,1034.1671123504639,2.8024072647094727,7.031070947647095
